{
  "center": [
    96,
    17.392617778159185,
    96
  ],
  "radius": 163,
  "height": 29,
  "maxRadius": 307,
  "maxHeight": 103,
  "far": 1152,
  "seaLevel": 5.70181678312656,
  "relief": {
    "minY": -0.0010129705478902906,
    "maxY": 31.681374549865723
  }
}
